{
  "n_components": 100,
  "num_documents": 409,
  "num_terms": 6504,
  "explained_variance_ratio": [
    0.09983007799568615,
    0.035600524998769534,
    0.014173719663657212,
    0.01161409362791869,
    0.012111912631025531,
    0.010014149659931195,
    0.009542270179507553,
    0.008645817261390758,
    0.008229237094217526,
    0.007722830589141086,
    0.007677676631335295,
    0.007450932067700801,
    0.007348388598115065,
    0.007163321884609521,
    0.006792610895216049,
    0.0067097880786051904,
    0.006418044681448382,
    0.006378936409524027,
    0.006211575385616333,
    0.00618463897587505,
    0.006047738124476979,
    0.005984944218358253,
    0.00583666338580487,
    0.005697150716612126,
    0.005607152518816452,
    0.005552780566636208,
    0.005509041420501857,
    0.005449208475875121,
    0.005243901437509326,
    0.005326646043215131,
    0.005232703213019615,
    0.005135236762447304,
    0.005104271753776848,
    0.005051345082595945,
    0.005042798980064874,
    0.0048746672400233415,
    0.004842756318987855,
    0.004772507735055839,
    0.004739867283957216,
    0.004703115147903022,
    0.004646096741325812,
    0.004588901136665059,
    0.004534173115887475,
    0.004463477363297414,
    0.004492090603316366,
    0.004408465407534118,
    0.004367531245555495,
    0.004263287373720365,
    0.004248822860735391,
    0.004226790936381362,
    0.0041846013955697,
    0.004137503907245254,
    0.004079653780466767,
    0.004043488264847087,
    0.004029206691814132,
    0.004017247026366521,
    0.003963462516578084,
    0.003924415053098163,
    0.0039009712195666743,
    0.003866504041538429,
    0.0038423618425285403,
    0.003803639884137836,
    0.0037338507145290717,
    0.003722079393424872,
    0.003647216392327489,
    0.0036354821635782714,
    0.003596075862501332,
    0.0035792593617705085,
    0.0035442287641469375,
    0.003500729918319499,
    0.003488857513038428,
    0.003473106342352511,
    0.0034471969496170365,
    0.0034087587585358804,
    0.0033808720873319195,
    0.0033792975162122915,
    0.003320499260368257,
    0.003298756528293087,
    0.003283531186082597,
    0.003261476616703411,
    0.003253090603525243,
    0.0032041735254243336,
    0.0032002759186295564,
    0.0031740833242550714,
    0.003133075101002071,
    0.0031168153798735647,
    0.003103761333928332,
    0.003050806876951726,
    0.0030347461718959337,
    0.0030221013135752956,
    0.0030121912754733937,
    0.0029878833144518823,
    0.0029630899385773546,
    0.002932144032518162,
    0.00290111879383957,
    0.002891200795309761,
    0.0028768838488877654,
    0.0028482221462442243,
    0.002831105110533258,
    0.0028109500697656186
  ],
  "is_trained": true
}